Feature,Selection_Frequency,Selected
num__age,1.0,True
num__trestbps,1.0,True
num__thalach,1.0,True
num__oldpeak,1.0,True
cat__cp_2.0,1.0,True
cat__sex_0.0,1.0,True
cat__sex_1.0,1.0,True
cat__cp_0.0,1.0,True
cat__slope_2.0,1.0,True
cat__ca_0.0,1.0,True
cat__ca_2.0,1.0,True
cat__exang_1.0,1.0,True
cat__thal_3.0,1.0,True
num__chol,0.8,True
cat__slope_1.0,0.6,True
cat__restecg_1.0,0.6,True
cat__cp_1.0,0.4,False
cat__cp_3.0,0.4,False
cat__exang_0.0,0.4,False
cat__fbs_0.0,0.2,False
cat__restecg_0.0,0.2,False
cat__fbs_1.0,0.2,False
cat__slope_0.0,0.0,False
cat__restecg_2.0,0.0,False
cat__ca_1.0,0.0,False
cat__ca_3.0,0.0,False
cat__thal_1.0,0.0,False
cat__thal_2.0,0.0,False
