Seed,Paper_style_Accuracy,Clean_Accuracy,Paper_style_F1,Clean_F1,Paper_style_AUC,Clean_AUC
0,0.9853658536585366,0.9016393442622951,0.9855072463768116,0.9090909090909091,1.0,0.9329004329004329
1,1.0,0.8852459016393442,1.0,0.8888888888888888,1.0,0.9512987012987013
2,1.0,0.9016393442622951,1.0,0.9090909090909091,1.0,0.9372294372294372
3,1.0,0.7540983606557377,1.0,0.7945205479452054,1.0,0.8538961038961039
4,1.0,0.9508196721311475,1.0,0.9565217391304348,1.0,0.9924242424242424
5,0.9853658536585366,0.8524590163934426,0.9859154929577465,0.8656716417910447,0.9991428571428571,0.920995670995671
6,1.0,0.819672131147541,1.0,0.8307692307692308,1.0,0.8841991341991342
7,1.0,0.819672131147541,1.0,0.835820895522388,1.0,0.8917748917748918
8,1.0,0.819672131147541,1.0,0.8307692307692308,1.0,0.908008658008658
9,1.0,0.7868852459016393,1.0,0.8115942028985508,1.0,0.8365800865800866
